Workbook
Name poids_athlete: [1]Identité!$D$3

Sheet Entrées utilisateur
F1: Objectif
B2: Pour visualiser tes prédictions, entre d'abord tes données dans les cases jaunes. Une fois cela accompli, tu pourras voir tes prédictions dans la feuille "Estimation des temps".
F3: Distance objectif (en km)
F4: Temps estimé actuel | G4: =IFERROR($C$9*($G$3/$C$8)^1.06,"")
F5: Allure estimée actuelle | G5: =IFERROR($G$4/$G$3,"")
B6: Niveau actuel
F7: Préparation prévue
B8: Distance de référence (en km)
B9: Temps de référence (hh:mm:ss) | F9: Prépa spécifique ?
B10: Allure de référence | C10: =IFERROR($C$9/$C$8,"") | F10: Nombre de semaines
B12: Distance | C12: Temps estimé actuel | D12: Allure estimée actuelle | F12: Entraînement hebdomadaire
B13: 5 | C13: =IFERROR($C$9*($B13/$C$8)^1.06,"") | D13: =IFERROR($C13/$B13,"") | F13: Footings / sem.
B14: 10 | C14: =IFERROR($C$9*($B14/$C$8)^1.06,"") | D14: =IFERROR($C14/$B14,"") | F14: Fractionnés / sem.
B15: 21.1 | C15: =IFERROR($C$9*($B15/$C$8)^1.06,"") | D15: =IFERROR($C15/$B15,"") | F15: Sorties longues / sem.
B16: 42.2 | C16: =IFERROR($C$9*($B16/$C$8)^1.06,"") | D16: =IFERROR($C16/$B16,"") | F16: Total / sem.
B17: 100 | C17: =IFERROR($C$9*($B17/$C$8)^1.06,"") | D17: =IFERROR($C17/$B17,"")
F18: Nombre de cycles | G18: =ROUND($G$10/4,0) -> 0
F19: Equivalent semaines prépa | G19: =$G$18*(3.5) -> 0

Sheet Estimation des temps
A1: Evolution du niveau | E1: Niveau espéré au moment de l'objectif
A3: Charge de l'entraînement | B3: =SQRT('Entrées utilisateur'!$G$19)*'Entrées utilisateur'!$G$16 -> 0 | E3: Temps espéré | F3: =IFERROR('Entrées utilisateur'!$G$4*(1-$C$18),"")
A4: Score séances hebdos | B4: ='Entrées utilisateur'!$G$13*Paramètres!$B$5+'Entrées utilisateur'!$G$14*Paramètres!$B$6+'Entrées utilisateur'!$G$15*Paramètres!$B$7 -> 0 | E4: Allure objectif | F4: =IFERROR($F$3/'Entrées utilisateur'!$G$3,"")
A5: Qualité normalisée | B5: =IFERROR($B$4/('Entrées utilisateur'!$G$16*1.2),0) -> 0
E6: Distance | F6: Temps espéré | G6: Allure
A7: Facteur évolution générale | B7: =(1-EXP(-Paramètres!$B$11*$B$3)) -> 0 | E7: 5 | F7: =IFERROR(VLOOKUP($E7,'Entrées utilisateur'!$B$12:$D$17,2,FALSE)*(1-VLOOKUP($E7,$A$17:$C$23,3,FALSE)),"") | G7: =IFERROR($F7/$E7,"")
A8: Facteur niveau | B8: =IFERROR(SQRT('Entrées utilisateur'!$C$10/Paramètres!$B$25),0) -> 0 | E8: 10 | F8: =IFERROR(VLOOKUP($E8,'Entrées utilisateur'!$B$12:$D$17,2,FALSE)*(1-VLOOKUP($E8,$A$17:$C$23,3,FALSE)),"") | G8: =IFERROR($F8/$E8,"") | H8: =IF('Entrées utilisateur'!G9="Oui",1,0) -> 0
A9: Facteur fatigue | B9: =MAX(Paramètres!$B$23,IF('Entrées utilisateur'!$G$16<=Paramètres!$B$22,1,1-Paramètres!$B$15*('Entrées utilisateur'!$G$16-Paramètres!$B$22)*(1-Paramètres!$B$16*$H$8))) -> 1 | E9: 21.1 | F9: =IFERROR(VLOOKUP($E9,'Entrées utilisateur'!$B$12:$D$17,2,FALSE)*(1-VLOOKUP($E9,$A$17:$C$23,3,FALSE)),"") | G9: =IFERROR($F9/$E9,"")
A10: Facteur général | B10: =PRODUCT($B$7:$B$8,B9) -> 0 | E10: 42.2 | F10: =IFERROR(VLOOKUP($E10,'Entrées utilisateur'!$B$12:$D$17,2,FALSE)*(1-VLOOKUP($E10,$A$17:$C$23,3,FALSE)),"") | G10: =IFERROR($F10/$E10,"")
E11: 100 | F11: =IFERROR(VLOOKUP($E11,'Entrées utilisateur'!$B$12:$D$17,2,FALSE)*(1-VLOOKUP($E11,$A$17:$C$23,3,FALSE)),"") | G11: =IFERROR($F11/$E11,"")
A12: Facteur spécifique | B12: =(1-EXP(-Paramètres!$B$12*$B$3)) -> 0
A13: Facteur lié à la qualité | B13: =MIN(Paramètres!$B$21,MAX(Paramètres!$B$20,1+Paramètres!$B$13*($B$5-1)+Paramètres!$B$14*$H$8)) -> 0.9
A14: Gain spécifique | B14: =IFERROR(VLOOKUP('Entrées utilisateur'!$G$3,Paramètres!$D$13:$E$17,2,TRUE)*$B$12*$B$13*$H$8,0) -> 0
A16: Gain final par distance
A17: Distance | B17: Facteur | C17: Gain
A18: ='Entrées utilisateur'!$G$3 -> 0 | B18: =IFERROR(EXP(-Paramètres!$B$17*ABS(LN($A18/'Entrées utilisateur'!$G$3))),"") | C18: =IFERROR(VLOOKUP($A18,Paramètres!$D$5:$E$9,2,TRUE)*$B$10+$B$14*$B18,"")
A19: 5 | B19: =IFERROR(EXP(-Paramètres!$B$17*ABS(LN($A19/'Entrées utilisateur'!$G$3))),"") | C19: =IFERROR(VLOOKUP($A19,Paramètres!$D$5:$E$9,2,TRUE)*$B$10+$B$14*$B19,"")
A20: 10 | B20: =IFERROR(EXP(-Paramètres!$B$17*ABS(LN($A20/'Entrées utilisateur'!$G$3))),"") | C20: =IFERROR(VLOOKUP($A20,Paramètres!$D$5:$E$9,2,TRUE)*$B$10+$B$14*$B20,"")
A21: 21.1 | B21: =IFERROR(EXP(-Paramètres!$B$17*ABS(LN($A21/'Entrées utilisateur'!$G$3))),"") | C21: =IFERROR(VLOOKUP($A21,Paramètres!$D$5:$E$9,2,TRUE)*$B$10+$B$14*$B21,"")
A22: 42.2 | B22: =IFERROR(EXP(-Paramètres!$B$17*ABS(LN($A22/'Entrées utilisateur'!$G$3))),"") | C22: =IFERROR(VLOOKUP($A22,Paramètres!$D$5:$E$9,2,TRUE)*$B$10+$B$14*$B22,"")
A23: 100 | B23: =IFERROR(EXP(-Paramètres!$B$17*ABS(LN($A23/'Entrées utilisateur'!$G$3))),"") | C23: =IFERROR(VLOOKUP($A23,Paramètres!$D$5:$E$9,2,TRUE)*$B$10+$B$14*$B23,"")

Sheet Paramètres
A1: Paramètres du modèle
A3: Poids des séances | D3: Gain général
A4: Type | B4: Poids | D4: Distance | E4: Gain distance
A5: Footing | B5: 1 | D5: 5 | E5: 0.011
A6: Fractionné | B6: 1.6 | D6: 10 | E6: 0.012
A7: Sortie longue | B7: 1.2 | D7: 21.1 | E7: 0.011
D8: 42.2 | E8: 0.006
A9: Facteurs de gain | D9: 100 | E9: 0.002
A10: Paramètre | B10: Valeur
A11: k general | B11: 0.08 | D11: Gain spécifique
A12: k specifique | B12: 0.12 | D12: Distance | E12: Gain distance
A13: k qualité | B13: 0.4 | D13: 5 | E13: 0.012
A14: bonus spécifique | B14: 0.04 | D14: 10 | E14: 0.012
A15: k fatigue | B15: 0.015 | D15: 21.1 | E15: 0.015
A16: effet affûtage | B16: 0.5 | D16: 42.2 | E16: 0.02
A17: k distance | B17: 0.8 | D17: 100 | E17: 0.02
A19: Bornes
A20: Min facteur qualité | B20: 0.9
A21: Max facteur qualité | B21: 1.1
A22: Seuil charge hebdo | B22: 3
A23: Min effet fatigue | B23: 0.8
A24: Gain max sur 10 sem. | B24: 0.015
A25: Référence niveau | B25: 0.0038194444
